patent,filename,letter_code,path
EP3492685A1,EP3492685A1_A0001.tif,A,/home/safe/Desktop/yassine/Vectorization/data/PatentData/ReorganisedData/EP3492685A1/EP3492685A1_A0001.tif
EP2398750B1,EP2398750B1_F0002.tif,F,/home/safe/Desktop/yassine/Vectorization/data/PatentData/ReorganisedData/EP2398750B1/EP2398750B1_F0002.tif
EP2375003B1,EP2375003B1_F0002.tif,F,/home/safe/Desktop/yassine/Vectorization/data/PatentData/ReorganisedData/EP2375003B1/EP2375003B1_F0002.tif
EP2466634B1,EP2466634B1_F0004.tif,F,/home/safe/Desktop/yassine/Vectorization/data/PatentData/ReorganisedData/EP2466634B1/EP2466634B1_F0004.tif
EP3209516B1,EP3209516B1_F0002.tif,F,/home/safe/Desktop/yassine/Vectorization/data/PatentData/ReorganisedData/EP3209516B1/EP3209516B1_F0002.tif
EP3156693B1,EP3156693B1_F0002.tif,F,/home/safe/Desktop/yassine/Vectorization/data/PatentData/ReorganisedData/EP3156693B1/EP3156693B1_F0002.tif
EP3492390A1,EP3492390A1_F0001.tif,F,/home/safe/Desktop/yassine/Vectorization/data/PatentData/ReorganisedData/EP3492390A1/EP3492390A1_F0001.tif
EP2971551B1,EP2971551B1_F0002.tif,F,/home/safe/Desktop/yassine/Vectorization/data/PatentData/ReorganisedData/EP2971551B1/EP2971551B1_F0002.tif
EP3495359A1,EP3495359A1_A0001.tif,A,/home/safe/Desktop/yassine/Vectorization/data/PatentData/ReorganisedData/EP3495359A1/EP3495359A1_A0001.tif
EP3100880B1,EP3100880B1_F0008.tif,F,/home/safe/Desktop/yassine/Vectorization/data/PatentData/ReorganisedData/EP3100880B1/EP3100880B1_F0008.tif
EP3496522A2,EP3496522A2_F0005.tif,F,/home/safe/Desktop/yassine/Vectorization/data/PatentData/ReorganisedData/EP3496522A2/EP3496522A2_F0005.tif
EP3503702A1,EP3503702A1_F0002.tif,F,/home/safe/Desktop/yassine/Vectorization/data/PatentData/ReorganisedData/EP3503702A1/EP3503702A1_F0002.tif
EP3493068A1,EP3493068A1_F0002.tif,F,/home/safe/Desktop/yassine/Vectorization/data/PatentData/ReorganisedData/EP3493068A1/EP3493068A1_F0002.tif
EP3295061B1,EP3295061B1_F0008.tif,F,/home/safe/Desktop/yassine/Vectorization/data/PatentData/ReorganisedData/EP3295061B1/EP3295061B1_F0008.tif
EP3498954A1,EP3498954A1_F0003.tif,F,/home/safe/Desktop/yassine/Vectorization/data/PatentData/ReorganisedData/EP3498954A1/EP3498954A1_F0003.tif
EP3493090A1,EP3493090A1_F0003.tif,F,/home/safe/Desktop/yassine/Vectorization/data/PatentData/ReorganisedData/EP3493090A1/EP3493090A1_F0003.tif
EP2978096B1,EP2978096B1_F0001.tif,F,/home/safe/Desktop/yassine/Vectorization/data/PatentData/ReorganisedData/EP2978096B1/EP2978096B1_F0001.tif
EP3270850B1,EP3270850B1_F0009.tif,F,/home/safe/Desktop/yassine/Vectorization/data/PatentData/ReorganisedData/EP3270850B1/EP3270850B1_F0009.tif
EP2434121B1,EP2434121B1_F0002.tif,F,/home/safe/Desktop/yassine/Vectorization/data/PatentData/ReorganisedData/EP2434121B1/EP2434121B1_F0002.tif
EP2979610B1,EP2979610B1_F0003.tif,F,/home/safe/Desktop/yassine/Vectorization/data/PatentData/ReorganisedData/EP2979610B1/EP2979610B1_F0003.tif
EP3454625A3,EP3454625A3_A0001.tif,A,/home/safe/Desktop/yassine/Vectorization/data/PatentData/ReorganisedData/EP3454625A3/EP3454625A3_A0001.tif
EP2994479B1,EP2994479B1_F0003.tif,F,/home/safe/Desktop/yassine/Vectorization/data/PatentData/ReorganisedData/EP2994479B1/EP2994479B1_F0003.tif
EP2519299B1,EP2519299B1_F0002.tif,F,/home/safe/Desktop/yassine/Vectorization/data/PatentData/ReorganisedData/EP2519299B1/EP2519299B1_F0002.tif
EP2863449B1,EP2863449B1_F0001.tif,F,/home/safe/Desktop/yassine/Vectorization/data/PatentData/ReorganisedData/EP2863449B1/EP2863449B1_F0001.tif
EP3496339A1,EP3496339A1_F0007.tif,F,/home/safe/Desktop/yassine/Vectorization/data/PatentData/ReorganisedData/EP3496339A1/EP3496339A1_F0007.tif
EP2789736B1,EP2789736B1_F0003.tif,F,/home/safe/Desktop/yassine/Vectorization/data/PatentData/ReorganisedData/EP2789736B1/EP2789736B1_F0003.tif
EP3501750A1,EP3501750A1_F0006.tif,F,/home/safe/Desktop/yassine/Vectorization/data/PatentData/ReorganisedData/EP3501750A1/EP3501750A1_F0006.tif
EP3499154A1,EP3499154A1_A0001.tif,A,/home/safe/Desktop/yassine/Vectorization/data/PatentData/ReorganisedData/EP3499154A1/EP3499154A1_A0001.tif
EP3501322A1,EP3501322A1_F0005.tif,F,/home/safe/Desktop/yassine/Vectorization/data/PatentData/ReorganisedData/EP3501322A1/EP3501322A1_F0005.tif
EP2508802B1,EP2508802B1_F0003.tif,F,/home/safe/Desktop/yassine/Vectorization/data/PatentData/ReorganisedData/EP2508802B1/EP2508802B1_F0003.tif
EP1763241B1,EP1763241B1_F0001.tif,F,/home/safe/Desktop/yassine/Vectorization/data/PatentData/ReorganisedData/EP1763241B1/EP1763241B1_F0001.tif
EP3502393A1,EP3502393A1_F0005.tif,F,/home/safe/Desktop/yassine/Vectorization/data/PatentData/ReorganisedData/EP3502393A1/EP3502393A1_F0005.tif
EP3272039B1,EP3272039B1_F0012.tif,F,/home/safe/Desktop/yassine/Vectorization/data/PatentData/ReorganisedData/EP3272039B1/EP3272039B1_F0012.tif
EP2795396B1,EP2795396B1_F0001.tif,F,/home/safe/Desktop/yassine/Vectorization/data/PatentData/ReorganisedData/EP2795396B1/EP2795396B1_F0001.tif
EP3498592A1,EP3498592A1_F0003.tif,F,/home/safe/Desktop/yassine/Vectorization/data/PatentData/ReorganisedData/EP3498592A1/EP3498592A1_F0003.tif
EP2811932B1,EP2811932B1_F0003.tif,F,/home/safe/Desktop/yassine/Vectorization/data/PatentData/ReorganisedData/EP2811932B1/EP2811932B1_F0003.tif
EP2765815B1,EP2765815B1_F0003.tif,F,/home/safe/Desktop/yassine/Vectorization/data/PatentData/ReorganisedData/EP2765815B1/EP2765815B1_F0003.tif
EP3503123A1,EP3503123A1_A0001.tif,A,/home/safe/Desktop/yassine/Vectorization/data/PatentData/ReorganisedData/EP3503123A1/EP3503123A1_A0001.tif
EP3503059A1,EP3503059A1_F0003.tif,F,/home/safe/Desktop/yassine/Vectorization/data/PatentData/ReorganisedData/EP3503059A1/EP3503059A1_F0003.tif
EP3495689A1,EP3495689A1_F0011.tif,F,/home/safe/Desktop/yassine/Vectorization/data/PatentData/ReorganisedData/EP3495689A1/EP3495689A1_F0011.tif
EP3197444B1,EP3197444B1_F0003.tif,F,/home/safe/Desktop/yassine/Vectorization/data/PatentData/ReorganisedData/EP3197444B1/EP3197444B1_F0003.tif
EP3062407B1,EP3062407B1_F0002.tif,F,/home/safe/Desktop/yassine/Vectorization/data/PatentData/ReorganisedData/EP3062407B1/EP3062407B1_F0002.tif
EP2942310B1,EP2942310B1_F0004.tif,F,/home/safe/Desktop/yassine/Vectorization/data/PatentData/ReorganisedData/EP2942310B1/EP2942310B1_F0004.tif
EP3496069A1,EP3496069A1_F0006.tif,F,/home/safe/Desktop/yassine/Vectorization/data/PatentData/ReorganisedData/EP3496069A1/EP3496069A1_F0006.tif
EP3494953A1,EP3494953A1_F0003.tif,F,/home/safe/Desktop/yassine/Vectorization/data/PatentData/ReorganisedData/EP3494953A1/EP3494953A1_F0003.tif
EP2792300B1,EP2792300B1_F0003.tif,F,/home/safe/Desktop/yassine/Vectorization/data/PatentData/ReorganisedData/EP2792300B1/EP2792300B1_F0003.tif
EP3493138A1,EP3493138A1_A0001.tif,A,/home/safe/Desktop/yassine/Vectorization/data/PatentData/ReorganisedData/EP3493138A1/EP3493138A1_A0001.tif
EP3503631A1,EP3503631A1_F0003.tif,F,/home/safe/Desktop/yassine/Vectorization/data/PatentData/ReorganisedData/EP3503631A1/EP3503631A1_F0003.tif
EP2987931B1,EP2987931B1_F0005.tif,F,/home/safe/Desktop/yassine/Vectorization/data/PatentData/ReorganisedData/EP2987931B1/EP2987931B1_F0005.tif
EP2558785B1,EP2558785B1_F0007.tif,F,/home/safe/Desktop/yassine/Vectorization/data/PatentData/ReorganisedData/EP2558785B1/EP2558785B1_F0007.tif
EP3502579A1,EP3502579A1_F0008.tif,F,/home/safe/Desktop/yassine/Vectorization/data/PatentData/ReorganisedData/EP3502579A1/EP3502579A1_F0008.tif
EP3313051B1,EP3313051B1_F0004.tif,F,/home/safe/Desktop/yassine/Vectorization/data/PatentData/ReorganisedData/EP3313051B1/EP3313051B1_F0004.tif
EP3502341A1,EP3502341A1_F0003.tif,F,/home/safe/Desktop/yassine/Vectorization/data/PatentData/ReorganisedData/EP3502341A1/EP3502341A1_F0003.tif
EP3270639B1,EP3270639B1_F0005.tif,F,/home/safe/Desktop/yassine/Vectorization/data/PatentData/ReorganisedData/EP3270639B1/EP3270639B1_F0005.tif
EP3498367A1,EP3498367A1_F0002.tif,F,/home/safe/Desktop/yassine/Vectorization/data/PatentData/ReorganisedData/EP3498367A1/EP3498367A1_F0002.tif
EP3496009A1,EP3496009A1_A0001.tif,A,/home/safe/Desktop/yassine/Vectorization/data/PatentData/ReorganisedData/EP3496009A1/EP3496009A1_A0001.tif
EP2020016B1,EP2020016B1_F0006.tif,F,/home/safe/Desktop/yassine/Vectorization/data/PatentData/ReorganisedData/EP2020016B1/EP2020016B1_F0006.tif
EP3501346A1,EP3501346A1_F0009.tif,F,/home/safe/Desktop/yassine/Vectorization/data/PatentData/ReorganisedData/EP3501346A1/EP3501346A1_F0009.tif
EP3492425A1,EP3492425A1_F0002.tif,F,/home/safe/Desktop/yassine/Vectorization/data/PatentData/ReorganisedData/EP3492425A1/EP3492425A1_F0002.tif
EP1835879B1,EP1835879B1_F0008.tif,F,/home/safe/Desktop/yassine/Vectorization/data/PatentData/ReorganisedData/EP1835879B1/EP1835879B1_F0008.tif
EP3060522B1,EP3060522B1_F0064.tif,F,/home/safe/Desktop/yassine/Vectorization/data/PatentData/ReorganisedData/EP3060522B1/EP3060522B1_F0064.tif
EP2000273B1,EP2000273B1_F0020.tif,F,/home/safe/Desktop/yassine/Vectorization/data/PatentData/ReorganisedData/EP2000273B1/EP2000273B1_F0020.tif
EP2277019B1,EP2277019B1_F0005.tif,F,/home/safe/Desktop/yassine/Vectorization/data/PatentData/ReorganisedData/EP2277019B1/EP2277019B1_F0005.tif
EP3502514A1,EP3502514A1_F0001.tif,F,/home/safe/Desktop/yassine/Vectorization/data/PatentData/ReorganisedData/EP3502514A1/EP3502514A1_F0001.tif
EP2807227B1,EP2807227B1_F0026.tif,F,/home/safe/Desktop/yassine/Vectorization/data/PatentData/ReorganisedData/EP2807227B1/EP2807227B1_F0026.tif
EP3492785A1,EP3492785A1_F0001.tif,F,/home/safe/Desktop/yassine/Vectorization/data/PatentData/ReorganisedData/EP3492785A1/EP3492785A1_F0001.tif
EP3101949B1,EP3101949B1_F0018.tif,F,/home/safe/Desktop/yassine/Vectorization/data/PatentData/ReorganisedData/EP3101949B1/EP3101949B1_F0018.tif
EP3493040A1,EP3493040A1_A0001.tif,A,/home/safe/Desktop/yassine/Vectorization/data/PatentData/ReorganisedData/EP3493040A1/EP3493040A1_A0001.tif
EP3492282A1,EP3492282A1_F0003.tif,F,/home/safe/Desktop/yassine/Vectorization/data/PatentData/ReorganisedData/EP3492282A1/EP3492282A1_F0003.tif
EP3256873B1,EP3256873B1_F0002.tif,F,/home/safe/Desktop/yassine/Vectorization/data/PatentData/ReorganisedData/EP3256873B1/EP3256873B1_F0002.tif
EP3077846B1,EP3077846B1_F0010.tif,F,/home/safe/Desktop/yassine/Vectorization/data/PatentData/ReorganisedData/EP3077846B1/EP3077846B1_F0010.tif
EP2903619B1,EP2903619B1_F0007.tif,F,/home/safe/Desktop/yassine/Vectorization/data/PatentData/ReorganisedData/EP2903619B1/EP2903619B1_F0007.tif
EP2795747B1,EP2795747B1_F0002.tif,F,/home/safe/Desktop/yassine/Vectorization/data/PatentData/ReorganisedData/EP2795747B1/EP2795747B1_F0002.tif
EP3045591B1,EP3045591B1_F0004.tif,F,/home/safe/Desktop/yassine/Vectorization/data/PatentData/ReorganisedData/EP3045591B1/EP3045591B1_F0004.tif
EP2385583B1,EP2385583B1_F0003.tif,F,/home/safe/Desktop/yassine/Vectorization/data/PatentData/ReorganisedData/EP2385583B1/EP2385583B1_F0003.tif
EP2757380B1,EP2757380B1_F0001.tif,F,/home/safe/Desktop/yassine/Vectorization/data/PatentData/ReorganisedData/EP2757380B1/EP2757380B1_F0001.tif
EP2828888B1,EP2828888B1_F0001.tif,F,/home/safe/Desktop/yassine/Vectorization/data/PatentData/ReorganisedData/EP2828888B1/EP2828888B1_F0001.tif
EP3269113B1,EP3269113B1_F0010.tif,F,/home/safe/Desktop/yassine/Vectorization/data/PatentData/ReorganisedData/EP3269113B1/EP3269113B1_F0010.tif
EP3492735A1,EP3492735A1_F0002.tif,F,/home/safe/Desktop/yassine/Vectorization/data/PatentData/ReorganisedData/EP3492735A1/EP3492735A1_F0002.tif
EP2464865B1,EP2464865B1_F0005.tif,F,/home/safe/Desktop/yassine/Vectorization/data/PatentData/ReorganisedData/EP2464865B1/EP2464865B1_F0005.tif
EP2099533B1,EP2099533B1_F0006.tif,F,/home/safe/Desktop/yassine/Vectorization/data/PatentData/ReorganisedData/EP2099533B1/EP2099533B1_F0006.tif
EP3046835B1,EP3046835B1_F0009.tif,F,/home/safe/Desktop/yassine/Vectorization/data/PatentData/ReorganisedData/EP3046835B1/EP3046835B1_F0009.tif
EP3503515A1,EP3503515A1_F0028.tif,F,/home/safe/Desktop/yassine/Vectorization/data/PatentData/ReorganisedData/EP3503515A1/EP3503515A1_F0028.tif
EP1930717B1,EP1930717B1_F0031.tif,F,/home/safe/Desktop/yassine/Vectorization/data/PatentData/ReorganisedData/EP1930717B1/EP1930717B1_F0031.tif
EP3502490A1,EP3502490A1_F0013.tif,F,/home/safe/Desktop/yassine/Vectorization/data/PatentData/ReorganisedData/EP3502490A1/EP3502490A1_F0013.tif
EP3046249B1,EP3046249B1_F0001.tif,F,/home/safe/Desktop/yassine/Vectorization/data/PatentData/ReorganisedData/EP3046249B1/EP3046249B1_F0001.tif
EP3503313A1,EP3503313A1_F0001.tif,F,/home/safe/Desktop/yassine/Vectorization/data/PatentData/ReorganisedData/EP3503313A1/EP3503313A1_F0001.tif
EP2806261B1,EP2806261B1_F0004.tif,F,/home/safe/Desktop/yassine/Vectorization/data/PatentData/ReorganisedData/EP2806261B1/EP2806261B1_F0004.tif
EP3495573A1,EP3495573A1_A0001.tif,A,/home/safe/Desktop/yassine/Vectorization/data/PatentData/ReorganisedData/EP3495573A1/EP3495573A1_A0001.tif
EP3492404A1,EP3492404A1_F0003.tif,F,/home/safe/Desktop/yassine/Vectorization/data/PatentData/ReorganisedData/EP3492404A1/EP3492404A1_F0003.tif
EP2724832B1,EP2724832B1_F0010.tif,F,/home/safe/Desktop/yassine/Vectorization/data/PatentData/ReorganisedData/EP2724832B1/EP2724832B1_F0010.tif
EP3329273B1,EP3329273B1_F0003.tif,F,/home/safe/Desktop/yassine/Vectorization/data/PatentData/ReorganisedData/EP3329273B1/EP3329273B1_F0003.tif
EP3499690A1,EP3499690A1_F0006.tif,F,/home/safe/Desktop/yassine/Vectorization/data/PatentData/ReorganisedData/EP3499690A1/EP3499690A1_F0006.tif
EP2730496B1,EP2730496B1_F0005.tif,F,/home/safe/Desktop/yassine/Vectorization/data/PatentData/ReorganisedData/EP2730496B1/EP2730496B1_F0005.tif
EP3215734B1,EP3215734B1_F0006.tif,F,/home/safe/Desktop/yassine/Vectorization/data/PatentData/ReorganisedData/EP3215734B1/EP3215734B1_F0006.tif
EP3090501B1,EP3090501B1_F0004.tif,F,/home/safe/Desktop/yassine/Vectorization/data/PatentData/ReorganisedData/EP3090501B1/EP3090501B1_F0004.tif
EP3492864A1,EP3492864A1_F0002.tif,F,/home/safe/Desktop/yassine/Vectorization/data/PatentData/ReorganisedData/EP3492864A1/EP3492864A1_F0002.tif
EP2694884B1,EP2694884B1_F0003.tif,F,/home/safe/Desktop/yassine/Vectorization/data/PatentData/ReorganisedData/EP2694884B1/EP2694884B1_F0003.tif
EP3048613B1,EP3048613B1_F0001.tif,F,/home/safe/Desktop/yassine/Vectorization/data/PatentData/ReorganisedData/EP3048613B1/EP3048613B1_F0001.tif
EP3188187B1,EP3188187B1_F0004.tif,F,/home/safe/Desktop/yassine/Vectorization/data/PatentData/ReorganisedData/EP3188187B1/EP3188187B1_F0004.tif
