run,patent_id,sketch_id,status,stage2_chamfer_p95,stage2_chamfer_sym,stage2_f1_at_2px,stage2_precision_at_2px,stage2_recall_at_2px,stage3_chamfer_p95,stage3_chamfer_sym,stage3_f1_at_2px,stage3_precision_at_2px,stage3_recall_at_2px
canonical,EP1467415B1,F0003,quality_gate_stage2,0.0,0.0004391257430327263,0.999981767462213,1.0,0.9999635355892649,,,,,
cohort,EP1467415B1,F0003,quality_gate_stage2,0.0,0.0004391257430327263,0.999981767462213,1.0,0.9999635355892649,0.0,0.01920366432349031,0.9991496567605936,1.0,0.9983007584597433
canonical,EP1833535B1,F0001,quality_gate_stage2,0.0,0.0008747152711913115,0.9999096939445685,1.0,0.9998194041980315,,,,,
cohort,EP1833535B1,F0001,quality_gate_stage2,0.0,0.0008747152711913115,0.9999096939445685,1.0,0.9998194041980315,1.0,0.11598021509001522,0.9995725953039285,0.9999746126310622,0.9991709010909628
canonical,EP1838040B1,F0001,ok,0.0,0.019387143847677847,0.9996596903181896,1.0,0.999319612178942,1.0,0.24939494737874834,0.9990067822582934,1.0,0.9980155355219141
cohort,EP1838040B1,F0001,ok,0.0,0.019387143847677847,0.9996596903181896,1.0,0.999319612178942,1.0,0.24939494737874834,0.9990067822582934,1.0,0.9980155355219141
canonical,EP1839350B1,F0002,ok,0.0,0.00037511184434149507,0.9998799611510635,1.0,0.9997599511173184,1.0,0.13741499185590744,0.9992464013075629,0.9999778103226379,0.9985160614525139
cohort,EP1839350B1,F0002,ok,0.0,0.00037511184434149507,0.9998799611510635,1.0,0.9997599511173184,1.0,0.13741499185590744,0.9992464013075629,0.9999778103226379,0.9985160614525139
canonical,EP1923025B1,F0001,quality_gate_stage3,0.0,0.008153401275439481,0.9983122182579529,1.0,0.9966301241308706,1.0,0.22048179509343924,0.9970691014104505,0.9999561307304233,0.994198694706309
cohort,EP1923025B1,F0001,quality_gate_stage3,0.0,0.008153401275439481,0.9983122182579529,1.0,0.9966301241308706,1.0,0.22048179509343924,0.9970691014104505,0.9999561307304233,0.994198694706309
canonical,EP1974619B1,F0001,quality_gate_stage3,0.0,0.0005395618926457371,0.9999470114455278,1.0,0.9998940285063318,1.0,0.06557740375147227,0.9998100519962949,0.9999557228248838,0.999664423603384
cohort,EP1974619B1,F0001,quality_gate_stage3,0.0,0.0005395618926457371,0.9999470114455278,1.0,0.9998940285063318,1.0,0.06557740375147227,0.9998100519962949,0.9999557228248838,0.999664423603384
canonical,EP2005342B1,F0006,quality_gate_stage2,0.0,0.011206077383882681,0.9994437749142486,1.0,0.9988881682572037,,,,,
cohort,EP2005342B1,F0006,quality_gate_stage2,0.0,0.011206077383882681,0.9994437749142486,1.0,0.9988881682572037,1.0,0.21770001871798428,0.9973456749190551,0.9997057092407299,0.9949967571574169
canonical,EP2143139B1,F0001,ok,0.0,0.05266689037646206,0.9983406174772712,1.0,0.996686732932008,1.0,0.2088408484329246,0.9977548254280448,0.9999525346497057,0.99556675533156
cohort,EP2143139B1,F0001,ok,0.0,0.05266689037646206,0.9983406174772712,1.0,0.996686732932008,1.0,0.2088408484329246,0.9977548254280448,0.9999525346497057,0.99556675533156
canonical,EP2162724B1,F0001,quality_gate_stage3,0.0,0.00013029446549201194,0.9999799542957943,1.0,0.9999599093952333,1.0,0.22872120686887054,0.9994880276891074,0.9999185551686927,0.9990578707879808
cohort,EP2162724B1,F0001,quality_gate_stage3,0.0,0.00013029446549201194,0.9999799542957943,1.0,0.9999599093952333,1.0,0.22872120686887054,0.9994880276891074,0.9999185551686927,0.9990578707879808
canonical,EP2214148B1,F0008,ok,0.0,0.0012442539879713018,0.999807301780235,1.0,0.9996146778113699,1.0,0.0920668524191923,0.999480865709357,0.9999699753798115,0.9989922342758907
cohort,EP2214148B1,F0008,ok,0.0,0.0012442539879713018,0.999807301780235,1.0,0.9996146778113699,1.0,0.0920668524191923,0.999480865709357,0.9999699753798115,0.9989922342758907
canonical,EP2326827B1,F0001,quality_gate_stage3,0.0,0.00020740330258408902,0.999943084340876,1.0,0.9998861751601678,1.0,0.23729467902082108,0.9983195541311064,0.9996999249812453,0.9969429900159354
cohort,EP2326827B1,F0001,quality_gate_stage3,0.0,0.00020740330258408902,0.999943084340876,1.0,0.9998861751601678,1.0,0.23729467902082108,0.9983195541311064,0.9996999249812453,0.9969429900159354
canonical,EP2430983B1,F0002,quality_gate_stage3,0.0,0.004938728812132019,0.9996773846650178,1.0,0.9993549774242099,1.0,0.2018962550654538,0.99956979995698,1.0,0.9991399698989465
cohort,EP2430983B1,F0002,quality_gate_stage3,0.0,0.004938728812132019,0.9996773846650178,1.0,0.9993549774242099,1.0,0.2018962550654538,0.99956979995698,1.0,0.9991399698989465
canonical,EP2433378B1,F0003,quality_gate_stage3,0.0,0.0003861171763327795,0.9999703852874108,1.0,0.999940772328832,1.0,0.1379684831704844,0.9996445076430857,1.0,0.9992892679459844
cohort,EP2433378B1,F0003,quality_gate_stage3,0.0,0.0003861171763327795,0.9999703852874108,1.0,0.999940772328832,1.0,0.1379684831704844,0.9996445076430857,1.0,0.9992892679459844
canonical,EP2472954B1,F0001,quality_gate_stage3,0.0,0.003295340001550748,0.9998449011244668,1.0,0.9996898503527952,1.0,0.1764931973421427,0.9980562831664999,0.9997626394493235,0.9963557416453439
cohort,EP2472954B1,F0001,quality_gate_stage3,0.0,0.003295340001550748,0.9998449011244668,1.0,0.9996898503527952,1.0,0.1764931973421427,0.9980562831664999,0.9997626394493235,0.9963557416453439
canonical,EP2565056B1,F0001,quality_gate_stage2,0.0,0.0,1.0,1.0,1.0,,,,,
cohort,EP2565056B1,F0001,quality_gate_stage2,0.0,0.0,1.0,1.0,1.0,1.0,0.10083847215794742,0.9999376115194091,1.0,0.9998752308229775
canonical,EP2623349B1,F0001,quality_gate_stage2,0.0,0.0575172163951444,0.987110491750035,1.0,0.9745490339371071,,,,,
cohort,EP2623349B1,F0001,quality_gate_stage2,0.0,0.0575172163951444,0.987110491750035,1.0,0.9745490339371071,2.23606797749979,0.4987594348869775,0.9498840085480674,0.9999750511451524,0.9045719271295516
canonical,EP2664947B1,F0014,quality_gate_stage2,0.0,0.06332292683901511,0.9989419007310504,1.0,0.99788603824349,,,,,
cohort,EP2664947B1,F0014,quality_gate_stage2,0.0,0.06332292683901511,0.9989419007310504,1.0,0.99788603824349,1.0,0.43066651949333407,0.9981227436823106,1.0,0.9962525223407322
canonical,EP2693964B1,F0002,quality_gate_stage2,0.0,0.13508004496994516,0.9766025283163994,1.0,0.9542749081740269,,,,,
cohort,EP2693964B1,F0002,quality_gate_stage2,0.0,0.13508004496994516,0.9766025283163994,1.0,0.9542749081740269,2.8284271247461903,0.5260120674344833,0.9417706207694212,0.9999785329412018,0.8899664213933304
canonical,EP2734148B1,F0001,quality_gate_stage3,0.0,0.0006561799682577239,0.9998500813843914,1.0,0.9997002077132273,1.4142135623730951,0.513349549099136,0.9915254019193304,0.9998702410920509,0.9833187006145742
cohort,EP2734148B1,F0001,quality_gate_stage3,0.0,0.0006561799682577239,0.9998500813843914,1.0,0.9997002077132273,1.4142135623730951,0.513349549099136,0.9915254019193304,0.9998702410920509,0.9833187006145742
canonical,EP2734860B1,F0001,ok,0.0,0.008563154444503538,0.9999141203345872,1.0,0.9998282554185416,1.0,0.14062182701116613,0.9997766821843918,1.0,0.999553464088208
cohort,EP2734860B1,F0001,ok,0.0,0.008563154444503538,0.9999141203345872,1.0,0.9998282554185416,1.0,0.14062182701116613,0.9997766821843918,1.0,0.999553464088208
canonical,EP2793370B1,F0001,quality_gate_stage2,0.0,0.0010608123729880599,0.9998470994770803,1.0,0.9996942457041521,,,,,
cohort,EP2793370B1,F0001,quality_gate_stage2,0.0,0.0010608123729880599,0.9998470994770803,1.0,0.9996942457041521,1.0,0.18843680663341886,0.9986354110500759,0.9999649908976334,0.9973093621965389
canonical,EP2795159B1,F0005,ok,0.0,0.008988276015514022,0.9998094464834592,1.0,0.999618965574368,1.0,0.1118568456979221,0.9997680121959304,1.0,0.9995361320035784
cohort,EP2795159B1,F0005,ok,0.0,0.008988276015514022,0.9998094464834592,1.0,0.999618965574368,1.0,0.1118568456979221,0.9997680121959304,1.0,0.9995361320035784
canonical,EP2832512B1,F0001,quality_gate_stage3,0.0,0.0019257153049400315,0.9998778597265937,1.0,0.9997557492860364,1.0,0.07789442312975647,0.9993511217972955,0.9999618196743219,0.9987411693972644
cohort,EP2832512B1,F0001,quality_gate_stage3,0.0,0.0019257153049400315,0.9998778597265937,1.0,0.9997557492860364,1.0,0.07789442312975647,0.9993511217972955,0.9999618196743219,0.9987411693972644
canonical,EP2861732B1,F0012,quality_gate_stage3,0.0,0.03968424309528058,0.9927467261807081,1.0,0.9855979146301727,1.0,0.33584353091220465,0.9881606693750762,0.9998339540289869,0.9767568154664928
cohort,EP2861732B1,F0012,quality_gate_stage3,0.0,0.03968424309528058,0.9927467261807081,1.0,0.9855979146301727,1.0,0.33584353091220465,0.9881606693750762,0.9998339540289869,0.9767568154664928
canonical,EP2881873B1,F0001,quality_gate_stage2,0.0,0.08306817825203199,0.9814455484122345,1.0,0.9635670894985693,,,,,
cohort,EP2881873B1,F0001,quality_gate_stage2,0.0,0.08306817825203199,0.9814455484122345,1.0,0.9635670894985693,2.0,0.5128690723841797,0.9576209008549189,1.0,0.9186877419552277
canonical,EP2976579B1,F0003,quality_gate_stage3,0.0,0.00014570119444831317,0.9999972088635329,1.0,0.9999944177426467,1.0,0.09391007709279532,0.9997234741466896,0.9999885677702579,0.9994585210367368
cohort,EP2976579B1,F0003,quality_gate_stage3,0.0,0.00014570119444831317,0.9999972088635329,1.0,0.9999944177426467,1.0,0.09391007709279532,0.9997234741466896,0.9999885677702579,0.9994585210367368
canonical,EP3011884B1,F0001,quality_gate_stage3,0.0,0.0018888064482863048,0.9997872663728916,1.0,0.9995746232377248,1.4142135623730951,0.3738253029238344,0.9748324983551039,0.999907405692698,0.9509844433641225
cohort,EP3011884B1,F0001,quality_gate_stage3,0.0,0.0018888064482863048,0.9997872663728916,1.0,0.9995746232377248,1.4142135623730951,0.3738253029238344,0.9748324983551039,0.999907405692698,0.9509844433641225
canonical,EP3016904B1,F0002,quality_gate_stage3,0.0,0.03909926273778116,0.9881313828319073,1.0,0.9765411893071467,1.4142135623730951,0.3926111157210963,0.9807810326902541,0.9996955595181142,0.9625689519306541
cohort,EP3016904B1,F0002,quality_gate_stage3,0.0,0.03909926273778116,0.9881313828319073,1.0,0.9765411893071467,1.4142135623730951,0.3926111157210963,0.9807810326902541,0.9996955595181142,0.9625689519306541
canonical,EP3025084B1,F0001,quality_gate_stage3,0.0,0.05713626129515756,0.9867953683450061,1.0,0.9739349165164689,2.0,0.4789611800267508,0.9625938748882747,1.0,0.9278852819426013
cohort,EP3025084B1,F0001,quality_gate_stage3,0.0,0.05713626129515756,0.9867953683450061,1.0,0.9739349165164689,2.0,0.4789611800267508,0.9625938748882747,1.0,0.9278852819426013
canonical,EP3029408B1,F0002,ok,0.0,0.010242436543575543,0.9998776059728285,1.0,0.9997552419025862,1.0,0.18040177472645666,0.9992646236065493,0.9999170606286805,0.9986130374479889
cohort,EP3029408B1,F0002,ok,0.0,0.010242436543575543,0.9998776059728285,1.0,0.9997552419025862,1.0,0.18040177472645666,0.9992646236065493,0.9999170606286805,0.9986130374479889
canonical,EP3033586B1,F0002,quality_gate_stage3,0.0,0.0,1.0,1.0,1.0,1.0,0.1538092184126555,0.9994797993103809,0.9999545867393279,0.9990054625341408
cohort,EP3033586B1,F0002,quality_gate_stage3,0.0,0.0,1.0,1.0,1.0,1.0,0.1538092184126555,0.9994797993103809,0.9999545867393279,0.9990054625341408
canonical,EP3046835B1,F0001,quality_gate_stage3,0.0,0.006591037897964839,0.99943429314929,1.0,0.9988692259851869,1.0,0.4154202607883989,0.9944677264563592,0.9996175176898069,0.9893707242607565
cohort,EP3046835B1,F0001,quality_gate_stage3,0.0,0.006591037897964839,0.99943429314929,1.0,0.9988692259851869,1.0,0.4154202607883989,0.9944677264563592,0.9996175176898069,0.9893707242607565
canonical,EP3049766B1,F0001,quality_gate_stage3,0.0,0.050203271775807586,0.987485485743775,1.0,0.9752803261977574,2.0,0.4397650773860063,0.9632947647154189,1.0,0.9291886757483088
cohort,EP3049766B1,F0001,quality_gate_stage3,0.0,0.050203271775807586,0.987485485743775,1.0,0.9752803261977574,2.0,0.4397650773860063,0.9632947647154189,1.0,0.9291886757483088
canonical,EP3064097B1,F0001,ok,0.0,8.802031087623169e-05,0.99996063457072,1.0,0.999921272240592,1.0,0.15118046991027517,0.999507032769096,0.9999197753710389,0.9990946307668084
cohort,EP3064097B1,F0001,ok,0.0,8.802031087623169e-05,0.99996063457072,1.0,0.999921272240592,1.0,0.15118046991027517,0.999507032769096,0.9999197753710389,0.9990946307668084
canonical,EP3078734B1,F0001,quality_gate_stage3,0.0,0.0019806422673189,0.9999516043168949,1.0,0.9999032133178475,2.23606797749979,0.38994512327413694,0.9421239867986757,0.99995011390658,0.8906202950918398
cohort,EP3078734B1,F0001,quality_gate_stage3,0.0,0.0019806422673189,0.9999516043168949,1.0,0.9999032133178475,2.23606797749979,0.38994512327413694,0.9421239867986757,0.99995011390658,0.8906202950918398
canonical,EP3082005B1,F0001,quality_gate_stage3,0.0,0.04655773438805001,0.9996851715814882,1.0,0.9993705413344524,1.0,0.21973314834148913,0.9992125570896111,1.0,0.998426353336131
cohort,EP3082005B1,F0001,quality_gate_stage3,0.0,0.04655773438805001,0.9996851715814882,1.0,0.9993705413344524,1.0,0.21973314834148913,0.9992125570896111,1.0,0.998426353336131
canonical,EP3082506B1,F0001,ok,0.0,0.00017395569646403228,0.9999814869668247,1.0,0.9999629746191014,1.0,0.07184885742078767,0.9998889115180242,1.0,0.9997778477146083
cohort,EP3082506B1,F0001,ok,0.0,0.00017395569646403228,0.9999814869668247,1.0,0.9999629746191014,1.0,0.07184885742078767,0.9998889115180242,1.0,0.9997778477146083
canonical,EP3088045B1,F0007,quality_gate_stage2,0.0,0.00016635375451988507,0.999953859641028,1.0,0.999907723539725,,,,,
cohort,EP3088045B1,F0007,quality_gate_stage2,0.0,0.00016635375451988507,0.999953859641028,1.0,0.999907723539725,1.4142135623730951,0.41800792283015353,0.9953182218513883,1.0,0.9906800775122266
canonical,EP3088963B1,F0001,quality_gate_stage3,0.0,0.014046194297372269,0.9996567519263319,1.0,0.9993137394102892,1.0,0.19661364584249397,0.999289084703059,0.9998803970816887,0.998698471295376
cohort,EP3088963B1,F0001,quality_gate_stage3,0.0,0.014046194297372269,0.9996567519263319,1.0,0.9993137394102892,1.0,0.19661364584249397,0.999289084703059,0.9998803970816887,0.998698471295376
canonical,EP3091721B1,F0001,ok,0.0,0.00028010371758734683,0.9999060415296439,1.0,0.9998121007140173,1.0,0.17152183436685656,0.9988024606226565,0.9995476575121163,0.9980583740448453
cohort,EP3091721B1,F0001,ok,0.0,0.00028010371758734683,0.9999060415296439,1.0,0.9998121007140173,1.0,0.17152183436685656,0.9988024606226565,0.9995476575121163,0.9980583740448453
canonical,EP3101366B1,F0001,quality_gate_stage3,0.0,0.0757121829812758,0.9900289328327874,1.0,0.9802547469103651,1.4142135623730951,0.33184459212752776,0.982136736313105,0.9998847262247839,0.9650078128699275
cohort,EP3101366B1,F0001,quality_gate_stage3,0.0,0.0757121829812758,0.9900289328327874,1.0,0.9802547469103651,1.4142135623730951,0.33184459212752776,0.982136736313105,0.9998847262247839,0.9650078128699275
canonical,EP3104691B1,F0003,quality_gate_stage2,0.0,4.3291008882902954e-05,0.9999946303823706,1.0,0.9999892608224062,,,,,
cohort,EP3104691B1,F0003,quality_gate_stage2,0.0,4.3291008882902954e-05,0.9999946303823706,1.0,0.9999892608224062,2.0,0.4205314970965642,0.9797512705122207,0.9999166406168595,0.960383173856546
canonical,EP3117602B1,F0008,quality_gate_stage2,0.0,0.003064604151504658,0.9995440369147713,1.0,0.9990884894447077,,,,,
cohort,EP3117602B1,F0008,quality_gate_stage2,0.0,0.003064604151504658,0.9995440369147713,1.0,0.9990884894447077,1.0,0.37340691061312176,0.9979862047565853,0.9998808412606994,0.9960987348233492
canonical,EP3119165B1,F0001,quality_gate_stage2,0.0,0.00020970222284356213,0.9999440762799542,1.0,0.9998881588144835,,,,,
cohort,EP3119165B1,F0001,quality_gate_stage2,0.0,0.00020970222284356213,0.9999440762799542,1.0,0.9998881588144835,1.0,0.34894766637059854,0.9939365334430134,0.9999683253618827,0.9879770725569691
canonical,EP3129274B1,F0001,quality_gate_stage2,0.0,0.005047165369367245,0.9999399518280221,1.0,0.999879910867177,,,,,
cohort,EP3129274B1,F0001,quality_gate_stage2,0.0,0.005047165369367245,0.9999399518280221,1.0,0.999879910867177,2.8284271247461903,0.5049690660075201,0.9355834813623796,0.9998276071877662,0.8790969297211708
canonical,EP3131533B1,F0001,quality_gate_stage1,,,,,,,,,,
cohort,EP3131533B1,F0001,quality_gate_stage1,,,,,,,,,,
canonical,EP3147970B1,F0001,quality_gate_stage3,0.0,0.014117751554426902,0.999738737730004,1.0,0.9994776119402985,1.0,0.20862615179289698,0.9982781904619998,0.9998448650325783,0.9967164179104477
cohort,EP3147970B1,F0001,quality_gate_stage3,0.0,0.014117751554426902,0.999738737730004,1.0,0.9994776119402985,1.0,0.20862615179289698,0.9982781904619998,0.9998448650325783,0.9967164179104477
canonical,EP3173415B1,F0001,ok,0.0,0.015579760607608248,0.9996834441278886,1.0,0.9993670886075949,1.0,0.28029924371225645,0.9982835767991096,0.9993542554565414,0.9972151898734177
cohort,EP3173415B1,F0001,ok,0.0,0.015579760607608248,0.9996834441278886,1.0,0.9993670886075949,1.0,0.28029924371225645,0.9982835767991096,0.9993542554565414,0.9972151898734177
canonical,EP3184100B1,F0004,quality_gate_stage3,0.0,0.002899623636339759,0.9999775648935454,1.0,0.9999551307937362,1.0,0.10999658993348538,0.9994382569702899,0.999953906430053,0.9989231390496702
cohort,EP3184100B1,F0004,quality_gate_stage3,0.0,0.002899623636339759,0.9999775648935454,1.0,0.9999551307937362,1.0,0.10999658993348538,0.9994382569702899,0.999953906430053,0.9989231390496702
canonical,EP3186468B1,F0001,quality_gate_stage3,0.0,0.00015918516581260134,0.9999668544912165,1.0,0.9999337111796096,2.0,0.5334805053953273,0.9908597959974605,0.9998782368698758,0.9820025852639952
cohort,EP3186468B1,F0001,quality_gate_stage3,0.0,0.00015918516581260134,0.9999668544912165,1.0,0.9999337111796096,2.0,0.5334805053953273,0.9908597959974605,0.9998782368698758,0.9820025852639952
canonical,EP3190364B1,F0001,ok,0.0,0.002567000149182752,0.9999726154941534,1.0,0.9999452324880881,1.0,0.2020807701626821,0.9983519486349204,0.9998300090661831,0.9968782518210197
cohort,EP3190364B1,F0001,ok,0.0,0.002567000149182752,0.9999726154941534,1.0,0.9999452324880881,1.0,0.2020807701626821,0.9983519486349204,0.9998300090661831,0.9968782518210197
canonical,EP3191598B1,F0001,quality_gate_stage2,0.0,0.014464775083185137,0.9968545742521249,1.0,0.9937288738658602,,,,,
cohort,EP3191598B1,F0001,quality_gate_stage2,0.0,0.014464775083185137,0.9968545742521249,1.0,0.9937288738658602,1.4142135623730951,0.31871638371281585,0.9821563605375775,0.9999366607550038,0.9649973314356876
canonical,EP3193044B1,F0001,ok,0.0,0.0002018834664942086,0.999974079834111,1.0,0.9999481610118971,1.0,0.23571132232172398,0.9994409522747227,0.9997893295412651,0.9990928177081984
cohort,EP3193044B1,F0001,ok,0.0,0.0002018834664942086,0.999974079834111,1.0,0.9999481610118971,1.0,0.23571132232172398,0.9994409522747227,0.9997893295412651,0.9990928177081984
canonical,EP3205737B1,F0006,quality_gate_stage2,0.0,0.12715596596315587,0.9800265127633089,1.0,0.9608352815310853,,,,,
cohort,EP3205737B1,F0006,quality_gate_stage2,0.0,0.12715596596315587,0.9800265127633089,1.0,0.9608352815310853,2.23606797749979,0.5865193438449448,0.9468287035395483,0.9999866147318262,0.8990371280263105
canonical,EP3233746B1,F0001,quality_gate_stage3,0.0,0.033299340069538136,0.9917506136738609,1.0,0.9836362185030466,1.0,0.24721179604481108,0.9857344295702261,0.999937913264831,0.9719287975946571
cohort,EP3233746B1,F0001,quality_gate_stage3,0.0,0.033299340069538136,0.9917506136738609,1.0,0.9836362185030466,1.0,0.24721179604481108,0.9857344295702261,0.999937913264831,0.9719287975946571
canonical,EP3239928B1,F0008,quality_gate_stage3,0.0,2.7418535111628484e-05,0.9999949084799266,1.0,0.9999898170117002,1.0,0.05452823362161266,0.9999032522519311,1.0,0.9998065232223048
cohort,EP3239928B1,F0008,quality_gate_stage3,0.0,2.7418535111628484e-05,0.9999949084799266,1.0,0.9999898170117002,1.0,0.05452823362161266,0.9999032522519311,1.0,0.9998065232223048
canonical,EP3240209B1,F0002,quality_gate_stage3,0.0,0.06464257230850988,0.9858016682113068,1.0,0.9720008772571095,2.23606797749979,0.5825554976833284,0.9453168193002622,0.9999766387889548,0.8963228306162732
cohort,EP3240209B1,F0002,quality_gate_stage3,0.0,0.06464257230850988,0.9858016682113068,1.0,0.9720008772571095,2.23606797749979,0.5825554976833284,0.9453168193002622,0.9999766387889548,0.8963228306162732
canonical,EP3240268B1,F0002,ok,0.0,0.004232470636154436,0.9996593812091966,1.0,0.9993189943817037,1.0,0.11138583895435811,0.9993747199379588,0.9998281097805535,0.9989217411043642
cohort,EP3240268B1,F0002,ok,0.0,0.004232470636154436,0.9996593812091966,1.0,0.9993189943817037,1.0,0.11138583895435811,0.9993747199379588,0.9998281097805535,0.9989217411043642
canonical,EP3244123B1,F0002,ok,0.0,0.0002576207934795251,0.9999576342992713,1.0,0.9999152721880957,1.0,0.17974523930641495,0.9996609738526084,1.0,0.9993221775047659
cohort,EP3244123B1,F0002,ok,0.0,0.0002576207934795251,0.9999576342992713,1.0,0.9999152721880957,1.0,0.17974523930641495,0.9996609738526084,1.0,0.9993221775047659
canonical,EP3257351B1,F0001,ok,0.0,0.0005101635005082984,0.9999597050408994,1.0,0.9999194133290353,1.0,0.1557539466639962,0.9996775493752519,1.0,0.999355306632283
cohort,EP3257351B1,F0001,ok,0.0,0.0005101635005082984,0.9999597050408994,1.0,0.9999194133290353,1.0,0.1557539466639962,0.9996775493752519,1.0,0.999355306632283
canonical,EP3261922B1,F0004,ok,0.0,0.0005500506276998643,0.999981135278915,1.0,0.9999622712695718,1.0,0.12940777979968776,0.9999151031496732,1.0,0.999830220713073
cohort,EP3261922B1,F0004,ok,0.0,0.0005500506276998643,0.999981135278915,1.0,0.9999622712695718,1.0,0.12940777979968776,0.9999151031496732,1.0,0.999830220713073
canonical,EP3272234B1,F0001,quality_gate_stage3,0.0,0.03946673822495071,0.9934952874020975,1.0,0.9870746504879979,1.0,0.1043667720004291,0.9921573840223316,1.0,0.9844368240569771
cohort,EP3272234B1,F0001,quality_gate_stage3,0.0,0.03946673822495071,0.9934952874020975,1.0,0.9870746504879979,1.0,0.1043667720004291,0.9921573840223316,1.0,0.9844368240569771
canonical,EP3280570B1,F0001,quality_gate_stage3,0.0,0.005326775540714041,0.9999567885230317,1.0,0.9999135807803655,1.0,0.28692239678839465,0.9947949512293269,0.999661688656904,0.9899753705224041
cohort,EP3280570B1,F0001,quality_gate_stage3,0.0,0.005326775540714041,0.9999567885230317,1.0,0.9999135807803655,1.0,0.28692239678839465,0.9947949512293269,0.999661688656904,0.9899753705224041
canonical,EP3281211B1,F0001,ok,0.0,0.002215443441906888,0.9998319175620289,1.0,0.9996638916179741,2.23606797749979,0.5767678601673061,0.9479190302043669,0.9150646794825641,0.9832204353896272
cohort,EP3281211B1,F0001,ok,0.0,0.002215443441906888,0.9998319175620289,1.0,0.9996638916179741,2.23606797749979,0.5767678601673061,0.9479190302043669,0.9150646794825641,0.9832204353896272
canonical,EP3283256B1,F0001,quality_gate_stage3,0.0,0.001412835764386319,0.9999367128662743,1.0,0.9998734337425642,1.0,0.24739494833769238,0.9989301383841833,0.9992346101979079,0.998625852062126
cohort,EP3283256B1,F0001,quality_gate_stage3,0.0,0.001412835764386319,0.9999367128662743,1.0,0.9998734337425642,1.0,0.24739494833769238,0.9989301383841833,0.9992346101979079,0.998625852062126
canonical,EP3305875B1,F0001,quality_gate_stage3,0.0,0.00023168359076147882,0.999957932641746,1.0,0.9999158688226683,1.0,0.26251121242217995,0.9970107638729657,0.9999787550456767,0.9940603388803823
cohort,EP3305875B1,F0001,quality_gate_stage3,0.0,0.00023168359076147882,0.999957932641746,1.0,0.9999158688226683,1.0,0.26251121242217995,0.9970107638729657,0.9999787550456767,0.9940603388803823
canonical,EP3322902B1,F0002,quality_gate_stage3,0.0,1.5190334896250012e-05,0.999994936529396,1.0,0.9999898731100691,0.0,0.030791546858077688,0.9999594907993479,1.0,0.9999189848805533
cohort,EP3322902B1,F0002,quality_gate_stage3,0.0,1.5190334896250012e-05,0.999994936529396,1.0,0.9999898731100691,0.0,0.030791546858077688,0.9999594907993479,1.0,0.9999189848805533
canonical,EP3332519B1,F0001,quality_gate_stage2,0.0,7.679285980324009e-05,0.9999889489330195,1.0,0.9999778981102885,,,,,
cohort,EP3332519B1,F0001,quality_gate_stage2,0.0,7.679285980324009e-05,0.9999889489330195,1.0,0.9999778981102885,2.23606797749979,0.5302250493779539,0.948151284287368,0.9998771317638964,0.9015139794452426
canonical,EP3337593B1,F0001,quality_gate_stage3,0.0,0.0,1.0,1.0,1.0,1.0,0.1259973787108215,0.9998095721721467,1.0,0.9996192168560005
cohort,EP3337593B1,F0001,quality_gate_stage3,0.0,0.0,1.0,1.0,1.0,1.0,0.1259973787108215,0.9998095721721467,1.0,0.9996192168560005
canonical,EP3340025B1,F0020,quality_gate_stage3,0.0,0.0004267593268968191,0.9999478142884478,1.0,0.9998956340233084,1.0,0.20636080356881983,0.9988249028091691,0.9997737129926457,0.9978778918072708
cohort,EP3340025B1,F0020,quality_gate_stage3,0.0,0.0004267593268968191,0.9999478142884478,1.0,0.9998956340233084,1.0,0.20636080356881983,0.9988249028091691,0.9997737129926457,0.9978778918072708
canonical,EP3347465B1,F0005,quality_gate_stage3,0.0,0.06442059272261261,0.9892401341407205,1.0,0.9787093527894836,1.0,0.40549907978185173,0.9843937856723554,0.9997242615379313,0.969526385307252
cohort,EP3347465B1,F0005,quality_gate_stage3,0.0,0.06442059272261261,0.9892401341407205,1.0,0.9787093527894836,1.0,0.40549907978185173,0.9843937856723554,0.9997242615379313,0.969526385307252
canonical,EP3363610B1,F0003,quality_gate_stage3,0.0,0.06254647123067414,0.9887796537721736,1.0,0.9778083060340272,1.4142135623730951,0.2919359844020678,0.9861252477634328,1.0,0.9726302441086336
cohort,EP3363610B1,F0003,quality_gate_stage3,0.0,0.06254647123067414,0.9887796537721736,1.0,0.9778083060340272,1.4142135623730951,0.2919359844020678,0.9861252477634328,1.0,0.9726302441086336
canonical,EP3491995A1,F0001,quality_gate_stage2,2.0,0.20129138779337433,0.9574976298649331,1.0,0.9184608661761406,,,,,
cohort,EP3491995A1,F0001,quality_gate_stage2,2.0,0.20129138779337433,0.9574976298649331,1.0,0.9184608661761406,2.8284271247461903,0.5343574329788593,0.9439474296415846,0.99998166483315,0.8938597630829919
canonical,EP3492751A1,F0002,quality_gate_stage2,0.0,0.005846552153730241,0.9996131854529599,1.0,0.9992266700411974,,,,,
cohort,EP3492751A1,F0002,quality_gate_stage2,0.0,0.005846552153730241,0.9996131854529599,1.0,0.9992266700411974,2.0,0.4476432888453763,0.9845794499093593,0.9998185183840876,0.969797949972582
canonical,EP3493219A1,F0003,quality_gate_stage3,0.0,0.21167207755650194,0.9695493300852619,1.0,0.9408983451536643,2.0,0.46286876097174917,0.9624098977945131,1.0,0.9275434449006678
cohort,EP3493219A1,F0003,quality_gate_stage3,0.0,0.21167207755650194,0.9695493300852619,1.0,0.9408983451536643,2.0,0.46286876097174917,0.9624098977945131,1.0,0.9275434449006678
canonical,EP3493383A1,F0002,ok,0.0,0.0007110970084850711,0.999931675321126,1.0,0.9998633599781376,1.0,0.06975774187831359,0.9996924654023578,1.0,0.9993851199016192
cohort,EP3493383A1,F0002,ok,0.0,0.0007110970084850711,0.999931675321126,1.0,0.9998633599781376,1.0,0.06975774187831359,0.9996924654023578,1.0,0.9993851199016192
canonical,EP3493557A1,A0001,quality_gate_stage3,0.0,0.005849581190427344,0.9996875325486928,1.0,0.9993752603082049,1.0,0.13768414559116662,0.9991663192997083,1.0,0.9983340274885465
cohort,EP3493557A1,A0001,quality_gate_stage3,0.0,0.005849581190427344,0.9996875325486928,1.0,0.9993752603082049,1.0,0.13768414559116662,0.9991663192997083,1.0,0.9983340274885465
canonical,EP3494929A1,F0001,quality_gate_stage1,,,,,,,,,,
cohort,EP3494929A1,F0001,quality_gate_stage1,,,,,,,,,,
canonical,EP3495022A2,F0007,quality_gate_stage3,0.0,0.03909172856545709,0.990183525394793,1.0,0.9805579036348268,1.0,0.2722319058656877,0.9866850937318536,0.9997349438648971,0.9739715412792336
cohort,EP3495022A2,F0007,quality_gate_stage3,0.0,0.03909172856545709,0.990183525394793,1.0,0.9805579036348268,1.0,0.2722319058656877,0.9866850937318536,0.9997349438648971,0.9739715412792336
canonical,EP3496065A1,F0001,ok,0.0,0.0,1.0,1.0,1.0,1.0,0.17557487200771965,0.9992580190701728,0.9998746553020808,0.9986421429453154
cohort,EP3496065A1,F0001,ok,0.0,0.0,1.0,1.0,1.0,1.0,0.17557487200771965,0.9992580190701728,0.9998746553020808,0.9986421429453154
canonical,EP3496083A1,F0004,quality_gate_stage2,0.0,0.07904421201286016,0.983341858246817,1.0,0.9672296102907182,,,,,
cohort,EP3496083A1,F0004,quality_gate_stage2,0.0,0.07904421201286016,0.983341858246817,1.0,0.9672296102907182,2.0,0.4142594496216411,0.9638177360723645,1.0,0.9301623562046177
canonical,EP3496314A1,F0001,quality_gate_stage2,2.0,0.2821209415228631,0.9545262167881495,1.0,0.9130082763584023,,,,,
cohort,EP3496314A1,F0001,quality_gate_stage2,2.0,0.2821209415228631,0.9545262167881495,1.0,0.9130082763584023,2.8284271247461903,0.6847088352742717,0.9333384510569698,1.0,0.8750089960417416
canonical,EP3496476A1,F0001,quality_gate_stage2,0.0,0.17946669749854677,0.9675991392560712,1.0,0.9372320152453549,,,,,
cohort,EP3496476A1,F0001,quality_gate_stage2,0.0,0.17946669749854677,0.9675991392560712,1.0,0.9372320152453549,2.8284271247461903,0.5217704207213705,0.9443394125863674,0.9999776715938017,0.8945661955428511
canonical,EP3498192A1,F0001,quality_gate_stage3,0.0,0.0,1.0,1.0,1.0,1.4142135623730951,0.4718678970849596,0.9802732748002242,0.9999547777325555,0.9613515752703822
cohort,EP3498192A1,F0001,quality_gate_stage3,0.0,0.0,1.0,1.0,1.0,1.4142135623730951,0.4718678970849596,0.9802732748002242,0.9999547777325555,0.9613515752703822
canonical,EP3498415A1,F0001,quality_gate_stage2,0.0,0.0010952923077472059,0.999870617156165,1.0,0.9997412677878396,,,,,
cohort,EP3498415A1,F0001,quality_gate_stage2,0.0,0.0010952923077472059,0.999870617156165,1.0,0.9997412677878396,1.0,0.1750319473035929,0.999456366978177,1.0,0.9989133247089262
canonical,EP3498474A1,A0001,quality_gate_stage2,0.0,0.005483345964833928,0.9991253325558512,1.0,0.998252193860831,,,,,
cohort,EP3498474A1,A0001,quality_gate_stage2,0.0,0.005483345964833928,0.9991253325558512,1.0,0.998252193860831,1.4142135623730951,0.5564403871047992,0.9846723849630004,0.9999545020246599,0.9698503440993337
canonical,EP3498480A1,A0001,ok,0.0,0.009067314846468052,0.9998246810168501,1.0,0.9996494234964163,1.0,0.28182830106362505,0.9980086092868261,0.9999590600180136,0.9960657525708944
cohort,EP3498480A1,A0001,ok,0.0,0.009067314846468052,0.9998246810168501,1.0,0.9996494234964163,1.0,0.28182830106362505,0.9980086092868261,0.9999590600180136,0.9960657525708944
canonical,EP3499621A1,A0001,quality_gate_stage3,0.0,0.000265101201772279,0.9999671171615533,1.0,0.9999342364855978,1.0,0.27686164894862725,0.9984162627475656,0.9999279746470757,0.9969091148230962
cohort,EP3499621A1,A0001,quality_gate_stage3,0.0,0.000265101201772279,0.9999671171615533,1.0,0.9999342364855978,1.0,0.27686164894862725,0.9984162627475656,0.9999279746470757,0.9969091148230962
canonical,EP3499654A1,A0001,quality_gate_stage2,0.0,8.802702993295128e-05,0.9999673863413997,1.0,0.9999347748100317,,,,,
cohort,EP3499654A1,A0001,quality_gate_stage2,0.0,8.802702993295128e-05,0.9999673863413997,1.0,0.9999347748100317,1.0,0.1415599331551199,0.9908661396126015,0.9860837557715282,0.9956951374620878
canonical,EP3501654A1,A0001,ok,0.0,0.0013414634146341464,0.9997560380580629,1.0,0.9995121951219512,1.0,0.12257299879816291,0.9995105379309083,0.999875,0.9991463414634146
cohort,EP3501654A1,A0001,ok,0.0,0.0013414634146341464,0.9997560380580629,1.0,0.9995121951219512,1.0,0.12257299879816291,0.9995105379309083,0.999875,0.9991463414634146
canonical,EP3501674A1,F0004,quality_gate_stage3,0.0,0.15707107832797393,0.9995298542548191,1.0,0.9990601503759399,1.0,0.37983217785096474,0.9988969179511878,0.9999105505612952,0.9978853383458647
cohort,EP3501674A1,F0004,quality_gate_stage3,0.0,0.15707107832797393,0.9995298542548191,1.0,0.9990601503759399,1.0,0.37983217785096474,0.9988969179511878,0.9999105505612952,0.9978853383458647
canonical,EP3501683A1,A0001,quality_gate_stage2,0.0,0.02267872468559062,0.9946265601455663,1.0,0.9893105593575025,,,,,
cohort,EP3501683A1,A0001,quality_gate_stage2,0.0,0.02267872468559062,0.9946265601455663,1.0,0.9893105593575025,2.0,0.4707333051303537,0.9788817721087723,0.9999176548089591,0.9587127424919405
canonical,EP3501852A1,F0001,quality_gate_stage3,0.0,0.001989391018621771,0.9999200593844573,1.0,0.999840131548897,1.0,0.17585709997292626,0.9995875843405336,0.9998376058461895,0.9993376878454301
cohort,EP3501852A1,F0001,quality_gate_stage3,0.0,0.001989391018621771,0.9999200593844573,1.0,0.999840131548897,1.0,0.17585709997292626,0.9995875843405336,0.9998376058461895,0.9993376878454301
canonical,EP3501900A1,A0001,quality_gate_stage3,0.0,0.0006672516512211526,0.9998684927389205,1.0,0.9997370200616125,1.0,0.3971331019316281,0.9957846175995214,0.9996003596762914,0.9919978961604929
cohort,EP3501900A1,A0001,quality_gate_stage3,0.0,0.0006672516512211526,0.9998684927389205,1.0,0.9997370200616125,1.0,0.3971331019316281,0.9957846175995214,0.9996003596762914,0.9919978961604929
canonical,EP3502419A1,A0001,quality_gate_stage2,0.0,0.0,1.0,1.0,1.0,,,,,
cohort,EP3502419A1,A0001,quality_gate_stage2,0.0,0.0,1.0,1.0,1.0,2.23606797749979,0.43044866148224953,0.958010163145226,1.0,0.9194045174537988
canonical,EP3502503A1,A0001,ok,0.0,0.025958465908613507,0.996227323807995,1.0,0.9924830067972811,1.0,0.1745696883096578,0.9958239593605562,0.9999180126260556,0.9917632946821271
cohort,EP3502503A1,A0001,ok,0.0,0.025958465908613507,0.996227323807995,1.0,0.9924830067972811,1.0,0.1745696883096578,0.9958239593605562,0.9999180126260556,0.9917632946821271
canonical,EP3502566A1,F0002,quality_gate_stage2,0.0,0.18058251822990418,0.9709070120654989,1.0,0.9434589715883811,,,,,
cohort,EP3502566A1,F0002,quality_gate_stage2,0.0,0.18058251822990418,0.9709070120654989,1.0,0.9434589715883811,,,,,
canonical,EP3502592A1,F0001,quality_gate_stage3,0.0,0.0011268035056638415,0.9996550260057319,1.0,0.9993102899434968,1.0,0.20794853582632905,0.9992565149820912,0.9999730581674166,0.9985409979573971
cohort,EP3502592A1,F0001,quality_gate_stage3,0.0,0.0011268035056638415,0.9996550260057319,1.0,0.9993102899434968,1.0,0.20794853582632905,0.9992565149820912,0.9999730581674166,0.9985409979573971
canonical,EP3503056A1,F0001,quality_gate_stage1,,,,,,,,,,
cohort,EP3503056A1,F0001,quality_gate_stage1,,,,,,,,,,
canonical,EP3503130A1,A0001,quality_gate_stage3,0.0,0.0004375410194705754,0.9998906027786895,1.0,0.9997812294902647,1.0,0.11669363785302228,0.999340360226718,0.9991183601498788,0.9995624589805294
cohort,EP3503130A1,A0001,quality_gate_stage3,0.0,0.0004375410194705754,0.9998906027786895,1.0,0.9997812294902647,1.0,0.11669363785302228,0.999340360226718,0.9991183601498788,0.9995624589805294
