"sample","patent_id","sketch_id","assessment","notes","current_status","acceptance"
"1","EP3492384A1","A0001","similar","","ok","accepted"
"2","EP3460312A3","A0001","needs_review","a section boundary","ok","accepted"
"3","EP3492282A1","F0001","needs_review","Hatching style out of distribution","ok","accepted"
"4","EP3498566A1","A0001","similar","","ok","accepted"
"5","EP3501910A1","A0001","needs_review","the original drawing present thick strokes and some black area, which conduct our pipeline to produce no clean render","ok","accepted"
"6","EP3502579A1","F0008","similar","","ok","accepted"
"7","EP3283857B1","F0003","similar","","ok","accepted"
"8","EP3299198B1","F0001","needs_review","the original drawing present thick strokes, which conduct our pipeline to produce no clean render","ok","accepted"
"9","EP3502473A1","A0001","needs_review","the original drawing present thick strokes, which conduct our pipeline to produce no clean render","ok","accepted"
"10","EP3495692A1","A0001","similar","","ok","accepted"
"11","EP3157769B1","F0001","similar","","ok","accepted"
"12","EP3305527B1","F0001","needs_review","the original drawing present thick strokes, which conduct our pipeline to produce no clean render","ok","accepted"
"13","EP1875113B1","F0001","similar","","ok","accepted"
"14","EP3098023B1","F0001","similar","","ok","accepted"
"15","EP3492222A1","A0001","needs_review","the original drawing present thick strokes, which conduct our pipeline to produce no clean render","ok","accepted"
"16","EP3501696A1","A0001","similar","","ok","accepted"
"17","EP3498507A1","A0001","similar","","ok","accepted"
"18","EP3501930A1","F0001","similar","","ok","accepted"
"19","EP2922744B1","F0001","similar","","ok","accepted"
"20","EP2945721B1","F0001","similar","","ok","accepted"
"21","EP3501755A1","F0002","similar","","ok","accepted"
"22","EP3502533A1","A0001","similar","","ok","accepted"
"23","EP2826667B1","F0001","similar","","ok","accepted"
"24","EP3046835B1","F0001","similar","","ok","accepted"
"25","EP3495029A1","A0001","similar","","ok","accepted"
"26","EP2607090B1","F0002","similar","","ok","accepted"
"27","EP2727791B1","F0001","similar","","ok","accepted"
"28","EP1719948B1","F0002","similar","","ok","accepted"
"29","EP2341975B1","F0001","similar","","ok","accepted"
"30","EP2062648B1","F0001","similar","","ok","accepted"
"31","EP2155485B1","F0001","similar","","ok","accepted"
"32","EP3043029B1","F0002","similar","","ok","accepted"
"33","EP2496339B1","F0003","similar","","ok","accepted"
"34","EP2930386B1","F0001","similar","","ok","accepted"
"35","EP2980407B1","F0001","similar","","ok","accepted"
"36","EP3495112A1","A0001","similar","","ok","accepted"
"37","EP3356757B1","F0001","similar","","ok","accepted"
"38","EP3150311B1","F0003","similar","","ok","accepted"
"39","EP2519434B1","F0001","similar","","ok","accepted"
"40","EP2726248B1","F0007","similar","","ok","accepted"
"41","EP3498593A1","A0001","similar","","ok","accepted"
"42","EP3272462B1","F0001","similar","","ok","accepted"
"43","EP2417360B1","F0001","similar","","ok","accepted"
"44","EP2577104B1","F0006","similar","","ok","accepted"
"45","EP2918479B1","F0002","similar","","ok","accepted"
"46","EP3492206A1","F0001","similar","","ok","accepted"
"47","EP3347244B1","F0001","needs_review","the original drawing present thick strokes, which conduct our pipeline to produce no clean render","ok","accepted"
"48","EP2585772B1","F0001","similar","","ok","accepted"
"49","EP2015921B1","F0001","similar","","ok","accepted"
"50","EP3078463B1","F0001","similar","","ok","accepted"
"51","EP3501645A2","A0001","similar","","ok","accepted"
"52","EP3498413A1","A0002","similar","","ok","accepted"
"53","EP3492249A1","A0001","similar","","ok","accepted"
"54","EP3495683A1","A0001","similar","","ok","accepted"
"55","EP2383037B1","F0002","similar","","ok","accepted"
"56","EP2883787B1","F0002","similar","","ok","accepted"
"57","EP3492353A1","F0002","similar","","ok","accepted"
"58","EP3277439B1","F0001","similar","","ok","accepted"
"59","EP3495168A1","A0001","needs_review","the original drawing present thick strokes, which conduct our pipeline to produce no clean render","ok","accepted"
"60","EP3346219B1","F0001","similar","","ok","accepted"
"61","EP3498535A1","F0001","similar","","ok","accepted"
"62","EP2383441B1","F0001","similar","","ok","accepted"
"63","EP3205923B1","F0001","similar","","ok","accepted"
"64","EP3205582B1","F0002","similar","","ok","accepted"
"65","EP2990316B1","F0001","similar","","ok","accepted"
"66","EP2752567B1","F0001","similar","","ok","accepted"
"67","EP3492323A1","F0002","similar","","ok","accepted"
"68","EP2840037B1","F0001","similar","","ok","accepted"
"69","EP3273089B1","F0001","similar","","ok","accepted"
"70","EP3501833A1","A0001","similar","","ok","accepted"
"71","EP3366982B1","F0001","similar","","ok","accepted"
"72","EP2994568B1","F0001","similar","","ok","accepted"
"73","EP3499046A1","A0001","similar","","ok","accepted"
"74","EP3492285A1","F0001","similar","","ok","accepted"
"75","EP3018371B1","F0001","similar","","ok","accepted"
"76","EP3095541B1","F0003","needs_review","the original drawing present thick strokes, which conduct our pipeline to produce no clean render","ok","accepted"
"77","EP3502474A1","A0001","needs_review","the original drawing present thick strokes, which conduct our pipeline to produce no clean render","ok","accepted"
"78","EP3501903A1","A0001","needs_review","the original drawing present thick strokes, which conduct our pipeline to produce no clean render","ok","accepted"
"79","EP3501726A1","A0001","similar","","ok","accepted"
"80","EP3176040B1","F0001","similar","","ok","accepted"
"81","EP2983922B1","F0001","similar","","ok","accepted"
"82","EP3213868B1","F0001","similar","","ok","accepted"
"83","EP3492399A1","F0002","similar","","ok","accepted"
"84","EP2695795B1","F0002","similar","","ok","accepted"
"85","EP3502461A1","A0001","similar","","ok","accepted"
"86","EP2630432B1","F0001","needs_review","the original drawing present thick strokes, which conduct our pipeline to produce no clean render","ok","accepted"
"87","EP2889159B1","F0001","needs_review","hatching stzle out of distribution","ok","accepted"
"88","EP2930332B1","F0001","similar","","ok","accepted"
"89","EP3239024B1","F0002","similar","","ok","accepted"
"90","EP3499146A1","F0002","similar","","ok","accepted"
"91","EP3383605B1","F0001","similar","","ok","accepted"
"92","EP2910808B1","F0001","similar","","ok","accepted"
"93","EP3495123A1","F0001","similar","","ok","accepted"
"94","EP2644912B1","F0001","similar","","ok","accepted"
"95","EP2463135B1","F0005","similar","","ok","accepted"
"96","EP2899065B1","F0001","similar","","ok","accepted"
"97","EP3056732B1","F0001","similar","","ok","accepted"
"98","EP3330540B1","F0001","similar","","ok","accepted"
"99","EP3501703A1","A0001","similar","","ok","accepted"
"100","EP3098437B1","F0002","needs_review","the original drawing present thick strokes, which conduct our pipeline to produce no clean render","ok","accepted"